model,test_mse,test_rmse,test_mae,directional_accuracy,train_mse
ARIMA,0.0008752424625479414,0.02958449699670321,0.02111632280579308,0.6216216216216216,0.0010147323582623948
