model,test_mse,test_rmse,test_mae,directional_accuracy,train_mse
LSTM,0.0018691694082226774,0.04323389189308172,0.03376877744064313,0.4375,0.0006037536210861056
